attendance,study_hours,assignments_avg,internal_marks,previous_gpa,absences,participation_score,internet_usage_hours,sleep_hours,risk_level
88,23,55.85799386533977,47.01768290953346,5.37,13,2,7,7,Medium
78,10,94.21608811280534,62.71616899200038,9.86,19,7,4,7,Low
64,10,58.0223960483201,41.42152896945731,7.19,14,2,5,4,Medium
92,19,67.70889185345717,65.69806470286721,4.81,15,4,6,6,Low
57,17,60.7740668733006,45.52840594780585,4.6,22,7,5,5,High
70,21,82.07765130681412,39.35083545898365,5.25,12,4,4,5,High
88,14,53.8172561114277,87.99701092534534,9.55,16,7,1,4,Low
68,9,87.69661570121038,94.67522595852,6.48,22,7,4,5,Medium
72,1,64.28214258163553,40.194683807182166,6.37,7,1,1,4,High
60,13,87.26401370191071,63.65251287083966,5.88,20,6,2,8,Medium
60,4,100.0,76.17910534362429,4.88,1,9,1,7,High
73,1,62.39449623433519,36.2265571505198,6.93,4,2,2,6,High
85,32,46.9092966905464,87.30311496850945,4.78,5,3,2,7,Low
89,34,75.2110488615563,51.26030349046205,9.01,11,5,1,7,Medium
73,28,70.16420740023068,66.43583896574938,6.22,17,9,6,8,Medium
52,31,79.08332828249607,27.94921487884656,6.25,21,4,3,5,High
71,8,58.26933444411874,65.14566430761147,6.84,21,1,1,6,High
51,26,65.02281026181517,35.416455855414895,6.66,0,4,5,5,High
73,34,78.47092674831144,36.50130801615485,9.97,16,6,6,7,High
93,3,50.73980631706856,39.9103225971243,7.27,10,5,6,4,High
79,12,94.77998026388458,79.03796967689063,4.53,9,1,5,7,Low
87,1,65.43382102789494,68.64439943698343,7.64,18,4,3,5,High
51,5,72.16596923325594,79.61978610275676,4.91,13,6,6,7,High
70,30,73.56303804946236,39.079097366093016,4.19,9,4,2,4,High
82,30,38.13358688711533,49.0993693445109,9.82,14,9,3,8,Medium
61,17,69.46937261155584,59.66205658021516,8.64,18,5,7,5,Low
71,23,72.5162141648534,100.0,9.88,3,8,5,7,Medium
93,15,68.56564053847258,32.97379245037409,6.87,1,9,3,5,High
74,21,93.0008181943253,39.013011438229775,7.19,8,5,1,8,High
98,14,100.0,28.953362871589967,5.01,9,6,3,7,High
76,2,88.97304250136567,31.835909588895404,5.48,10,1,2,7,High
91,11,49.53192749171973,69.32115416851663,9.03,13,7,1,5,Low
77,34,77.49209335813575,46.57264397893291,6.14,6,4,4,5,Medium
65,34,76.25699047407082,90.01330475587717,8.96,22,2,5,4,Medium
64,18,87.2552413284712,89.12419522327421,8.25,14,5,5,8,Medium
96,30,81.45765333395047,71.5147324453348,5.06,21,3,3,4,Low
93,15,77.83029691555751,79.57219318308671,7.04,18,6,6,7,Low
52,27,72.09307562723876,83.12049228331315,8.06,21,8,1,5,High
86,34,59.4299516794141,97.5417754175632,5.41,14,7,4,7,Low
56,33,34.16595787770799,96.02385260946885,8.98,23,3,1,7,High
70,24,92.05925809477094,94.20452656896892,7.27,7,8,5,6,Low
58,15,45.35916453853332,37.97198262091421,4.99,10,2,1,6,High
88,30,48.61951940015008,54.0157147754234,7.5,8,9,4,7,Medium
67,17,43.82687851310573,36.766108760810674,10.0,14,4,6,5,High
53,5,37.98313125554442,33.346730155189434,4.9,0,1,3,7,High
74,29,82.24244663818895,86.82886849836032,8.9,0,8,2,6,Medium
63,4,67.78473300121001,31.36130950486995,5.24,18,7,1,5,High
99,10,77.1022476108745,85.67332152940372,8.69,2,5,2,7,Low
58,17,76.77591189235577,49.17058475008311,8.41,9,5,5,8,High
75,10,93.91247169570288,48.90998595708431,5.8,7,7,3,8,Medium
51,17,57.48041724539718,38.6882267901561,5.95,14,5,7,7,High
69,20,44.6652886212309,89.4545767446333,8.76,9,8,3,5,Medium
77,24,51.40225097052824,71.53129018455151,6.77,0,6,1,7,Low
96,5,82.35727660941801,31.49974274512724,8.38,17,5,6,7,High
56,34,68.31844743534747,98.90560594006256,4.89,1,9,3,6,High
93,6,65.1111385417742,47.65819059834156,9.12,18,2,1,8,Medium
57,2,88.59246422982062,83.60150966524273,8.27,12,1,1,6,High
96,13,100.0,77.32375135976534,9.44,21,8,2,6,Low
84,11,48.871789961455775,65.92115721230974,4.79,0,3,3,7,Low
63,23,48.1736437369625,59.51177675210264,7.56,1,7,1,6,Medium
66,16,73.20443196500749,94.27365667490898,7.59,15,8,2,8,Medium
85,31,63.16850508673775,36.04969563701023,6.12,14,6,4,6,High
99,11,34.98546219100802,88.5364918168581,6.75,12,9,7,8,Low
89,16,41.07918197535842,50.98144583907381,4.23,15,7,2,6,Medium
53,8,91.80920946479338,70.27979937162665,8.48,16,5,2,8,High
51,4,64.22814802254528,84.8781015411288,7.3,20,8,1,6,High
55,4,67.85579018408394,59.90890473477901,4.35,6,2,5,6,High
91,25,44.817259661977495,88.77038076776992,8.08,23,7,5,5,Low
53,3,71.85045270250525,68.44504662273225,6.8,16,4,6,8,High
78,32,95.80954226697476,77.50606190736272,4.21,6,9,5,8,Low
67,3,80.25357372638177,82.034308902464,9.82,12,1,2,8,High
75,27,43.89039725339639,55.23212746497269,9.69,4,7,6,4,Medium
93,29,45.64086116721055,69.86459242064522,7.08,16,6,1,6,Low
83,32,63.78216855082866,76.12473778081882,4.56,2,8,3,8,Low
59,19,85.22962001015206,53.235051821912485,8.53,6,5,7,4,High
85,21,58.276302468592405,70.9800942525315,6.95,16,1,7,5,Low
63,5,67.45574546267751,39.62072331703288,5.81,6,1,2,8,Low
80,18,49.5463139009776,92.65348985314444,6.95,20,9,2,8,Low
97,28,48.75563500316158,49.27985732479821,7.13,0,6,6,4,Medium
64,22,68.1591381107265,41.45133199586459,7.38,16,5,1,6,Medium
57,21,80.06129919552184,72.75413291088061,6.65,16,1,4,5,High
63,6,86.31001025026939,23.587112292214776,7.63,10,6,2,8,Low
72,1,96.88065797997636,30.88488770782295,9.51,24,6,4,6,High
89,5,47.348832021065405,85.83285517901425,6.17,2,3,4,5,High
70,12,86.75012200799146,80.32464509952914,8.35,14,8,5,7,Medium
65,26,83.42169375499259,54.17514123310701,9.37,20,1,1,7,Medium
94,34,77.378480161063,41.26026879042112,6.74,10,1,7,5,Medium
67,14,79.99213030960661,85.58906119592736,6.66,15,6,7,4,Medium
96,26,46.01194760989159,79.60451908367129,7.61,24,1,4,5,Low
73,27,59.93270295931184,54.65479642943999,7.55,21,6,7,5,Medium
75,9,98.6624192613516,56.87356389068021,8.84,8,1,1,4,Medium
74,26,93.1004116478049,69.37988647882845,6.86,23,6,5,4,Medium
94,22,95.54272951319608,28.673454606611813,9.98,23,3,1,6,High
90,30,73.44125308992447,86.54239344541251,4.36,0,8,2,6,Low
78,17,90.39063751747392,76.91797789520068,4.02,24,6,4,4,Low
64,26,80.58113620713,47.35103145619156,7.84,21,1,1,7,Medium
94,1,62.648272743601545,82.37406347921501,5.79,15,5,7,7,High
50,8,45.78440573880386,76.72018928386889,5.44,8,8,3,5,High
74,15,56.17140285663288,100.0,5.87,18,3,1,8,Medium
56,22,57.95672673039748,63.37268673232766,5.54,11,6,4,5,High
58,14,60.8501746675563,73.46436200911756,4.18,18,5,5,5,High
73,26,75.12117198037343,87.11271296487314,9.83,21,6,7,8,Medium
50,28,73.23053181253954,33.128769432214874,5.32,8,1,5,4,High
93,23,90.32069888938815,71.72077549588613,8.4,6,7,4,7,Low
57,14,75.68604482129845,27.35111764578585,8.58,13,9,7,5,High
73,24,100.0,85.13128213135492,9.58,18,2,2,8,Medium
60,2,41.27380329636102,55.66851600484319,4.18,18,5,7,6,High
66,26,71.85696551071548,66.46189293823485,9.23,1,4,2,5,Medium
57,14,51.04439500315932,41.09570781787854,7.16,8,6,5,7,High
84,7,87.23686044961885,34.165573056958664,7.8,12,6,5,4,High
84,3,76.87548181564337,42.08253813732854,7.87,14,2,4,5,High
82,23,73.98595478979468,38.887796127048375,8.92,2,2,2,5,High
54,18,95.23489778060627,90.61360489726576,6.0,10,4,5,8,High
91,15,57.32792471533399,62.48307691483678,8.4,20,1,2,6,Low
88,25,71.14114574698299,35.72704782677105,7.17,13,9,5,6,High
90,28,50.96519941440251,81.46514809796712,8.76,24,7,7,4,Low
77,10,48.09654792535178,40.85366200537228,9.94,7,7,1,7,Medium
56,17,89.69271512870259,33.52896272578362,5.2,17,3,3,4,High
58,22,81.84753076217966,55.39857693616863,9.97,18,3,7,5,High
57,26,62.6944052801283,75.51717411297861,4.54,15,1,6,5,High
61,25,67.89644384704066,83.41675045090021,4.01,1,3,1,6,Medium
83,17,94.883538791543,30.55782278027873,4.26,7,3,6,7,Medium
82,13,62.64329151354828,36.11439423376665,6.05,21,4,5,8,High
97,20,63.25622890864705,23.12889912007593,7.8,5,4,3,7,High
72,25,76.72888754583691,91.861853692576,4.41,11,3,3,5,Medium
73,4,39.757360933808016,33.56159061731164,4.03,14,8,5,8,High
86,10,63.74851503605655,61.7422365688736,9.62,24,8,5,7,Low
84,3,83.7602466551149,34.37173312958137,8.93,7,1,2,7,High
93,18,59.21197493369395,53.92830145013421,8.86,3,7,5,8,Medium
89,22,100.0,93.92794069146652,9.31,14,2,4,5,Low
71,34,67.58744947892447,73.67969745100898,8.2,19,1,5,7,Medium
76,8,100.0,99.60848259222789,4.63,24,3,4,8,Low
84,19,80.689832416162,73.48698006569755,6.39,16,4,5,5,Low
50,6,93.4343106364322,61.32646872036941,8.34,12,6,2,8,High
84,26,71.49153854194145,98.42245892947258,5.68,17,5,4,8,Low
86,34,70.77711884444706,71.6018428214637,8.12,1,4,1,7,Low
96,6,81.24765361825864,87.9415016943351,4.15,12,8,4,5,Low
63,33,99.10586613290974,24.31918984950422,5.84,12,4,7,7,High
52,22,95.99903146410078,45.57254556706076,7.29,21,2,2,4,High
50,21,64.50290527451159,65.80944093120128,7.79,14,3,6,4,High
54,6,73.89791536250895,44.44304026845015,7.46,19,6,4,5,High
75,6,35.60401527552852,30.603516712357766,8.19,9,8,7,8,High
63,4,64.81550471340306,39.60506976462192,4.04,2,8,7,7,High
88,30,78.7227517287219,93.4660550284966,4.61,18,9,7,7,Low
76,11,71.59516108357269,59.137569392473225,9.21,2,7,5,5,Medium
58,30,37.31680549525199,48.06116343395553,8.09,21,2,7,5,High
64,31,78.97027533191877,54.32473952286552,4.68,13,8,5,4,Medium
64,24,86.4621100114718,55.54916075395517,9.05,7,7,6,6,Medium
75,9,81.32473197282036,43.23662805731112,5.45,22,8,2,5,Medium
91,3,85.34112664503415,44.222806378926855,6.87,3,3,3,6,High
62,31,91.4720764549302,42.05141554903298,4.87,19,7,5,5,Medium
81,24,97.33473082955294,36.7568215418474,8.26,10,9,7,8,High
88,31,49.15085455727744,68.16221330299388,8.0,10,3,7,8,Low
98,6,40.36031738811247,47.94702950389781,5.27,10,6,1,4,Medium
81,2,84.87327340319484,84.49409019464412,9.18,1,2,7,4,High
53,20,52.60859593835493,51.183051675194974,6.41,16,2,2,6,High
79,28,71.78156631636217,87.23557940369531,5.76,8,5,4,5,Low
86,11,66.84842581180142,47.25111577857947,4.91,1,5,4,7,Medium
72,4,61.31242854239797,53.4408088813157,5.6,23,7,7,4,High
88,15,72.8979122973159,76.77834260323402,4.13,14,2,1,7,Low
94,6,75.2607775283381,61.48899156701356,7.5,15,7,5,7,Low
64,30,71.30506988290004,79.24658220688835,9.05,24,5,2,5,Medium
92,2,47.7832677830187,72.46426128613919,7.29,3,6,1,6,High
78,15,72.90461047028177,49.0991322173246,5.32,7,8,5,5,Medium
85,11,87.19669563388732,61.80158214393498,4.2,8,4,2,4,Low
62,8,75.96584318583736,76.64340787907153,5.29,4,7,7,7,Medium
81,26,62.26660834214403,44.27268424913572,6.5,15,6,4,5,Medium
56,5,77.65308732673223,72.66845439025457,8.56,12,2,2,5,High
71,6,83.73501024642549,43.72118128647155,5.13,6,8,7,5,Medium
77,26,56.28111568767882,45.94159449837702,8.32,19,9,6,4,Medium
51,4,55.6812674745285,40.99739734373513,9.2,16,5,3,6,High
91,19,43.76411974035805,45.93774274879558,6.72,2,4,2,5,Medium
94,20,89.86661160433285,39.374118724948126,8.93,4,6,3,4,High
55,33,79.85051783279228,61.78241872100973,7.33,18,8,2,7,High
77,20,44.142329696061445,38.67584154637372,7.82,11,3,3,8,High
77,12,73.44104416265273,53.37688743902715,7.16,6,1,6,4,Medium
93,1,87.81075856826017,57.3137124157382,6.78,8,4,4,8,High
93,26,77.73180575541618,55.383947772769766,5.41,5,4,5,5,Medium
69,14,85.12851325722224,54.581511073729736,5.82,16,1,3,5,Medium
79,11,93.9969880944484,45.82149040469253,5.74,15,9,6,4,Medium
60,13,85.09181533476459,30.159662613928496,7.38,22,3,3,8,High
77,3,55.8915114105564,48.32846621277865,4.72,2,5,4,5,High
74,33,90.67965023955956,81.79415969864446,9.5,20,6,3,7,Medium
88,6,76.79668769781233,52.87873289714653,8.32,3,8,6,6,Medium
82,10,57.91696384168471,79.001107581985,6.41,9,6,7,6,Low
50,5,63.910164581199055,60.257249151376215,4.95,4,3,6,5,High
76,23,49.58665556977776,74.12393451366079,9.29,20,6,1,8,Low
62,10,86.04641262244161,45.91332574405002,8.94,21,1,4,5,Medium
90,2,49.82489775243069,76.82207502808102,8.33,9,4,7,8,High
52,13,60.312549785601306,67.81271285068219,5.63,11,6,1,7,High
88,2,87.64060237798398,84.32419085484045,6.41,9,7,4,8,High
55,20,64.88586616110052,76.96881116262672,4.62,12,3,7,5,High
57,1,93.51953688170046,27.1133122039064,5.13,10,9,3,7,High
76,9,71.4023318052245,96.1815090033586,8.7,21,7,7,4,Low
58,17,28.31201062159336,46.49198933178477,8.29,15,1,6,6,High
86,9,74.96483851385089,52.40571259477706,7.56,7,2,1,5,Medium
82,11,74.92778108083799,51.30735164611916,9.37,7,1,3,5,Medium
91,15,49.59214966465702,63.31609489508712,7.5,24,9,6,5,Low
93,24,47.73993526837369,57.92408167821132,6.8,7,9,4,7,Medium
73,30,74.35576991493616,50.723112419661575,6.04,12,7,7,4,Medium
64,31,46.581447820515926,39.09231929556897,9.64,1,3,6,8,High
81,5,96.15248310605855,81.38684277480327,4.5,11,5,3,4,Low
81,14,83.66881345760771,48.07064639725221,9.59,9,4,1,7,Medium
73,11,84.30072338641509,25.654030107241987,8.96,11,7,1,5,High
90,9,55.60419292322835,27.869647035918465,4.78,10,9,7,6,High
98,34,82.97065776918353,38.43241032322237,7.39,14,2,6,5,High
98,12,71.01332082231731,94.76965096549505,9.2,15,8,3,8,Low
61,1,51.201012142819785,35.59518039024813,7.43,16,9,2,6,Low
88,22,45.479561822038136,98.09104792276348,9.44,1,9,4,5,Low
51,29,38.87104653110189,25.90350525249535,9.66,17,7,4,6,High
52,8,88.09216002721801,53.1739131998516,6.53,11,9,3,4,High
98,11,58.70585591926898,71.19487407752827,6.26,18,9,2,7,Low
86,14,50.826124103533054,52.85363604613043,9.62,22,3,1,5,Medium
98,30,46.67602898040858,97.18720538832794,8.05,17,4,7,8,Low
66,21,65.53373541738024,68.18479613295274,4.7,16,2,5,4,Medium
98,5,40.97021376242304,44.972605377282605,4.25,5,3,5,5,Medium
51,19,46.682923475910926,37.79578516241959,7.39,24,5,7,4,High
51,14,75.14068799643269,65.84104507342029,9.58,14,5,3,8,High
77,26,73.95356079104636,84.54889203992356,9.07,2,6,2,5,Low
72,4,35.181788490868165,77.6753335542093,8.06,5,7,2,8,High
86,25,37.337271131103705,37.29841214626248,4.83,2,7,4,6,High
81,25,58.546942198843695,42.48587934760028,5.53,0,1,1,8,Medium
82,18,56.42738360633145,72.18619196387269,9.25,12,2,6,6,Medium
50,8,81.33652889236464,89.3595319955677,5.1,20,9,2,5,High
68,14,51.33381062677195,45.73352011070303,5.67,13,2,7,6,Medium
51,32,36.022763820665055,45.30128838666238,4.78,12,6,6,5,High
93,33,95.69190977603864,97.56138513026976,8.06,3,1,5,5,Low
75,23,99.14525153173808,85.65133309434512,9.66,6,3,6,7,Low
81,15,59.71454693819087,88.29456373771389,5.61,21,2,1,5,Low
55,33,77.65885041031082,35.637575078778006,6.85,9,3,7,6,High
81,25,100.0,18.49430609091296,7.81,6,5,1,7,High
53,17,81.56841827277533,50.8324933294347,10.0,20,6,6,7,High
60,33,75.47106062203942,37.00539485391676,4.63,14,9,3,5,High
66,2,94.15461568811816,49.47531042884198,6.99,14,4,2,8,High
87,14,76.68662787927614,58.97128339081035,6.31,3,7,7,8,Medium
73,6,58.044607801358616,73.33412208202384,9.19,22,6,3,7,Medium
54,6,86.01453670063333,86.44501572020704,6.86,22,2,6,5,Low
83,3,86.97890316087945,47.40724196394453,4.67,5,8,2,8,High
55,7,89.75977682967508,61.61997174930545,7.81,23,7,4,5,High
71,8,99.9000209228319,59.9687778594516,8.62,19,7,3,5,Medium
60,15,86.8375001951126,33.91257998290678,4.02,4,8,3,7,High
97,29,98.80245366460252,91.89508053897218,9.15,19,1,6,7,Low
65,33,60.33263086411132,85.49068244950985,5.12,11,1,5,4,Medium
82,30,81.757916359191,78.66873104418995,7.31,0,8,6,8,Low
58,27,51.52366489529406,42.399048820837535,6.49,7,4,3,8,High
55,29,51.07210401734338,45.143805217724754,8.32,0,5,2,8,High
65,33,76.82312546436557,31.74849520206055,6.23,4,8,5,6,High
78,27,100.0,42.44945657871967,9.22,21,5,6,5,Medium
52,33,62.899170570393416,37.83965831476954,8.38,5,4,7,7,High
69,4,94.77115112361388,86.47578887950618,7.89,20,6,6,8,High
85,22,48.35233461377501,82.52603774613735,8.78,2,5,3,4,High
68,2,41.361511813450655,28.316532600947344,8.52,14,7,3,8,High
75,10,49.49471393065658,59.6428973571073,4.22,4,7,4,5,Medium
52,5,77.27483501011346,55.84401888710686,6.37,23,4,6,5,High
68,10,60.47828700423359,56.23500283576294,9.58,13,5,3,7,Medium
69,33,63.61736759802445,56.46968533548747,4.75,17,3,7,6,Medium
81,13,68.6760354053183,62.34121649035768,8.42,15,4,1,7,Low
56,31,45.16781977532594,88.89911674149364,9.85,5,4,5,8,High
90,24,88.16743845779555,89.10846027763142,4.31,24,3,1,4,Low
82,15,81.73525059452702,43.26811006321091,8.09,23,5,5,7,Medium
89,29,49.90949478184224,77.65736377571238,6.81,13,5,7,6,Low
88,8,71.17399053658333,90.25067080502104,7.48,23,7,6,7,Low
67,5,93.9191802172766,51.89814299727502,4.51,7,4,4,5,Medium
89,29,100.0,45.46879307186845,4.26,6,4,3,8,Medium
50,4,37.82353338057158,60.9892600388466,8.0,7,9,3,8,High
60,12,72.20989216688301,92.08314837443154,8.94,12,6,3,8,Medium
77,2,87.60742349582497,58.980884374397135,8.69,5,4,6,8,High
74,27,86.77209728746553,96.23549196652904,7.26,17,2,5,8,Medium
99,31,53.46178418382007,49.55173137422289,4.6,1,6,7,8,Medium
72,26,47.99856712018605,73.96129929916972,8.13,7,2,3,4,Medium
80,27,87.87153534485368,68.70737156771443,5.45,10,5,1,6,Low
79,5,55.86677839336295,79.40805755639671,9.47,0,6,3,8,Low
91,20,95.9598947000658,85.46446284577358,9.03,21,4,6,6,Low
84,11,80.72306806189917,46.71927434007398,8.26,5,3,7,8,Medium
56,10,62.1909509807502,98.3754651094085,9.69,15,7,4,7,High
65,6,98.0615557867568,79.95435056101947,4.19,19,2,7,8,Medium
75,8,81.02854474692235,89.9439249156365,8.42,11,6,1,5,Low
97,23,71.01840851402305,75.31540400856112,5.98,10,4,3,4,Low
98,26,60.66242487327439,57.18900525339168,9.44,9,6,3,7,Medium
51,12,92.77270390007452,47.62669647987496,5.6,2,4,2,7,High
50,26,72.9972892754769,99.31926582514112,8.35,12,4,5,5,High
97,13,95.58919557071675,27.30809305722126,9.27,2,4,1,8,High
61,18,72.5168124598918,55.04974629279356,4.25,14,9,2,4,Medium
54,25,78.96974665693413,81.51144687464576,6.39,15,7,7,7,High
86,33,90.6010128354606,38.279254277914696,8.57,12,3,4,4,High
81,12,78.70288870758426,95.81102547441736,6.73,16,3,5,7,Low
58,4,71.93689041740114,73.25024890279762,5.6,2,6,1,8,High
90,5,89.4972594845633,41.04925771899808,5.32,19,6,3,7,Medium
84,8,60.91291807242382,47.47362590226998,4.79,10,4,7,7,Medium
68,28,88.15478324573169,98.22203606393178,9.14,20,9,1,6,Medium
97,31,80.05542281722774,91.36928640199562,7.45,18,4,3,8,Low
65,9,60.45100612292519,32.56183901777233,4.46,21,9,5,5,High
52,29,60.64316402268625,80.90680640679227,6.3,10,4,3,5,High
69,14,89.54988636098834,31.495573122269647,6.21,15,2,4,8,High
73,22,100.0,95.60478408720704,5.09,20,2,7,5,Medium
82,11,60.04489599564952,72.33746863034841,6.61,2,5,6,8,Low
73,23,86.68234184575395,48.13480578093176,5.99,21,4,3,5,Medium
60,1,84.90782776941087,72.78479948108905,6.05,5,7,4,6,High
98,21,96.98955137266393,55.48759099146706,8.43,13,5,6,5,Medium
57,26,88.47466342070013,75.09243035328215,5.34,23,6,7,7,High
85,23,42.50480468939028,55.61119875924248,7.85,17,4,5,8,Medium
87,1,87.20910797931127,95.22885228426168,7.42,16,2,5,4,High
89,15,60.51979839481772,94.89919101197589,7.41,3,9,7,4,Low
69,21,50.302905762877295,65.3366879186134,7.98,22,7,7,8,Medium
84,9,89.59155262194066,79.41585502668183,7.29,14,4,1,6,Low
97,9,53.61744244845664,52.67123466437528,9.28,10,3,4,5,Medium
74,10,66.41370224153715,95.67403453075262,8.05,2,3,4,6,Medium
84,26,60.91807506277328,39.08410246723251,7.28,2,9,7,4,High
74,25,74.4713699853483,100.0,8.98,15,5,2,8,High
78,26,49.883484965838456,30.61479629611589,7.64,4,3,2,8,High
67,11,87.72334759664618,64.76104977623402,5.75,20,5,6,6,Medium
95,2,63.02225599331978,58.68345623565689,5.24,9,2,6,6,High
67,7,92.6425200442219,30.75589821556453,4.91,18,4,2,5,High
51,18,67.81831855532135,59.60655857326262,9.4,24,2,7,7,High
84,27,34.74124784953875,84.20773697006425,8.26,3,2,7,7,High
65,34,82.68135695351788,100.0,9.62,18,8,6,5,Medium
90,27,98.38541035621392,66.2385999774242,7.62,10,1,3,7,Low
85,17,67.81242116814802,83.97402457580317,6.84,1,7,7,4,Low
82,24,85.61983259795556,81.2967356403722,4.36,9,5,2,7,Low
53,25,43.0849438797161,92.43123986665972,8.03,10,8,4,5,High
82,7,60.978755220400735,81.14593983430422,7.49,24,1,7,7,Low
63,6,82.40190845783334,88.85347408017772,9.94,19,7,7,8,Medium
70,24,52.38713863820648,63.08112889396776,5.43,15,5,3,6,Medium
97,33,63.76979454456427,53.86743486613545,7.18,18,4,6,4,Medium
69,29,70.0006336189125,68.3376105635117,7.91,22,7,7,8,Medium
57,22,44.7088967968984,54.83248980141231,7.87,23,2,5,8,High
56,26,87.49625996629993,53.31631577402043,7.37,10,1,1,5,High
52,28,75.6081887692613,64.55086970469051,8.66,13,1,2,6,High
66,21,89.82139880390828,41.09974741733184,5.23,1,1,5,6,Medium
82,7,45.30952131129001,66.74022487002985,8.35,22,5,6,4,Low
97,17,69.75125722986965,79.58502388249559,7.72,4,7,4,5,Low
61,20,42.75148351207804,37.79768114690361,9.38,4,2,1,4,High
71,20,68.02957514271579,39.57271837221677,9.08,18,8,5,7,High
71,22,82.86288545902829,45.9038711936292,5.89,20,4,1,8,Medium
95,28,39.04962023200863,82.49814113861372,5.66,11,3,2,4,Low
79,7,80.06498358624827,94.97607510901672,9.89,17,8,6,8,Low
87,1,40.884730924468826,75.18480537695197,7.16,3,2,7,5,High
87,32,56.38909314475721,74.55082674347271,9.44,21,3,4,7,Low
94,13,73.79089154175632,86.44912158275237,4.98,16,3,6,5,Low
57,30,48.30004465212558,88.96716879812055,7.86,9,1,1,7,High
76,23,58.53431794630179,48.63175106160994,8.86,19,6,5,7,Medium
76,19,91.30277646795776,94.5562081131028,9.68,5,2,2,8,Low
83,32,90.00393857834219,84.53782661654311,6.02,24,1,2,5,Low
70,30,36.26063269488457,58.21320756734916,8.35,13,2,6,5,Medium
79,29,78.08787020933502,33.65412900268996,7.23,10,6,7,4,High
82,29,65.02290069672742,100.0,4.36,10,4,5,5,Low
77,30,72.15149606809264,41.2648787449517,8.14,17,6,7,4,Medium
96,16,44.40205531968741,60.5069117817972,8.14,22,9,7,6,High
82,19,87.03761481191292,46.94015065443486,9.58,21,8,5,6,Low
54,18,46.589738786616905,35.08389259358101,6.98,17,1,1,6,High
97,1,54.28284550863491,76.38346173997601,5.38,23,8,6,5,High
68,14,71.0000575828872,44.94689118210726,4.27,22,9,6,5,Medium
53,2,78.45567519782347,72.27290216321781,6.49,10,6,3,4,Low
84,28,54.55147678623544,60.52819255020556,5.81,20,5,6,7,Low
98,30,85.60463832328595,31.929131334131725,8.57,11,6,2,4,High
66,4,43.30186480657739,83.96541507999859,6.13,4,6,1,6,High
93,1,47.42832660483396,68.2616161648249,9.69,22,9,5,4,High
77,8,96.94067571621372,76.08325540785111,9.77,8,4,6,7,Low
79,29,41.40180262476592,56.68132680211116,7.73,24,2,1,5,Medium
78,3,76.17104412310395,99.8994601840174,9.57,8,9,6,4,High
95,32,78.348884366719,37.41606410965951,8.57,21,2,5,6,High
55,10,49.86417566436697,63.18026068444286,7.28,9,9,4,6,High
84,10,40.487901099307294,75.78339614861905,5.08,21,2,5,5,Low
90,19,64.4338155872567,47.19531822600465,6.75,18,8,5,4,Medium
86,34,73.08505412851879,51.6910452377577,7.37,0,9,5,7,Medium
73,33,95.48705034224744,96.59052680248531,9.18,6,9,6,5,Medium
78,23,37.51977251873274,70.66173849754374,6.89,3,9,3,4,Low
98,28,69.05728819137225,63.27200885825392,9.39,0,2,5,8,Low
95,32,58.70645513703551,82.17451905792467,8.05,14,4,2,6,Low
80,7,44.57111742413842,100.0,4.82,7,7,2,7,Low
84,29,71.38335104602176,63.91359896528525,9.97,11,2,1,7,Low
82,8,57.07223971676128,53.22979698059385,7.16,21,1,3,7,Medium
70,1,55.22101305348078,88.30700801692507,6.35,21,3,1,6,High
81,3,77.06418200107343,91.1745762375972,7.95,17,4,2,4,High
72,24,62.97205104141308,54.06489090824395,4.65,14,8,7,5,Medium
82,23,63.11937331065002,89.48046169038436,7.82,16,6,2,4,Low
52,8,79.02355666622603,64.83701685104229,6.99,13,2,4,5,High
67,3,38.38909328030685,68.69749705296833,6.44,13,9,5,7,High
74,33,43.35404246047958,71.67316427363669,9.72,17,2,7,4,Medium
91,28,75.51481287801487,79.84561827168677,7.14,19,5,2,7,Low
80,8,92.96322673175592,43.68687689974174,5.31,17,4,6,8,Medium
52,34,47.00966100532978,97.8398774479168,6.75,15,7,6,7,High
89,32,62.52095783453005,100.0,9.52,0,8,1,7,Low
95,24,67.94030420755129,87.94799151988289,5.06,22,5,7,5,Low
73,14,53.61121533527567,27.97703176044335,5.28,10,5,1,8,High
99,32,39.06717919992533,26.35183023911252,4.08,14,2,5,7,High
81,16,55.554319071346015,50.94661067866678,4.09,11,8,5,7,Medium
96,4,94.5786351890159,79.21630966371904,8.98,7,2,4,8,High
71,21,39.57653149462073,99.7650079638299,8.39,21,6,3,8,Medium
72,14,58.41150189772847,40.378537705720674,6.13,19,8,1,4,Medium
51,31,57.04226396163927,81.12177778871565,8.19,5,6,5,5,High
76,18,53.122699861619935,65.10463449540299,6.37,2,4,1,8,Low
91,7,100.0,68.67251459580137,9.72,23,4,5,8,Low
51,10,67.10701598388644,58.98327045170628,9.8,12,6,2,6,High
75,7,66.47113041148667,94.00658122604978,6.36,12,4,1,8,Low
66,33,72.14764120503888,83.19251000814299,9.13,1,8,2,5,Medium
89,23,83.56840254814836,33.66891639478149,8.64,4,9,1,7,High
82,21,74.44716810010961,100.0,5.86,16,1,3,7,Low
58,19,89.57289491893363,94.77153655478804,5.39,5,4,4,7,High
92,19,70.70310084180034,82.81208204141538,6.75,1,4,6,7,Low
97,29,85.1659516892817,95.29445698180947,8.69,3,2,6,6,Low
88,18,74.42844952934999,58.737597200068,9.76,21,6,6,8,Low
78,2,59.47752319945735,29.465750712724947,8.58,10,3,2,7,High
91,1,43.971663728239385,48.50589806287171,9.13,7,7,7,4,High
75,5,75.3502931048149,44.10920327737219,7.62,11,5,5,7,Medium
84,20,45.086345350357774,50.40942413782741,9.01,7,4,6,8,Medium
99,11,92.5085200952198,89.08406335515151,8.71,10,5,3,7,Low
74,2,52.78520943331021,44.57237979897748,6.26,21,8,6,6,High
73,3,45.07398353273209,50.86706073762923,7.31,19,3,1,5,High
62,23,41.78908819321956,58.790683615132245,8.83,7,7,2,5,Medium
56,12,78.52866339212697,68.47104806074144,4.28,7,6,7,8,High
85,20,47.57934379737649,86.79714063594925,8.85,16,1,1,5,Low
94,5,43.595833882391375,41.76111343803201,5.07,19,7,7,5,Medium
69,30,60.97836153817653,52.88082289050312,7.09,19,7,1,4,Medium
50,9,71.5139996525988,84.8666205238983,8.85,22,1,1,8,High
57,34,59.98758562922225,95.67206263951138,5.52,15,9,4,8,High
95,22,90.35698685670644,52.70012005665883,5.47,13,6,4,5,Medium
65,24,46.8939816389276,27.653477293962297,6.42,10,2,5,5,High
63,17,57.7173132982862,73.55948352244299,9.37,6,5,2,5,Medium
61,10,61.968870760917625,71.51639576503472,4.0,15,4,3,6,Medium
72,30,92.65313704387503,42.59312019728214,9.41,12,7,3,7,Medium
64,23,65.61001733956671,71.43208750223364,4.92,14,8,3,6,Medium
77,32,69.21328855130537,82.08486395018437,9.94,23,1,1,8,Low
83,17,65.3580945973831,47.26242763174304,9.73,15,5,4,4,Medium
51,17,46.90783840048033,73.63280440446256,6.97,20,3,2,7,High
81,14,44.05473908173522,74.99424003718303,7.08,22,1,1,4,Low
72,9,78.23461369827943,46.99965313779785,6.89,23,3,7,8,Medium
71,2,80.48137684487467,99.24682795563304,7.81,8,6,4,8,High
74,25,72.01327722180511,84.8900026208578,4.54,2,7,4,4,Medium
71,9,49.26362457479095,32.43430612429095,4.2,18,8,6,4,High
71,22,84.63198277743454,47.98517692514497,4.35,19,4,6,4,Medium
98,4,81.2025803980748,41.84690893474498,6.67,4,3,2,8,High
91,26,43.95132767346995,42.72779889006178,5.65,9,5,7,5,Medium
55,29,82.47199281739292,81.76546224455488,7.73,16,9,2,4,High
64,34,82.37889641362408,66.60688159540729,9.95,14,6,2,7,Medium
92,23,67.02701387414992,81.60730849788523,6.32,22,9,1,8,Low
86,11,43.81515862214373,40.59531111802463,7.44,24,6,5,6,Medium
82,6,85.65336969538698,71.11262681530633,6.49,7,2,2,6,Low
57,18,88.9933150239897,46.73064176596775,9.08,14,5,6,7,High
93,21,88.62109401594923,73.03251770832344,9.41,20,9,5,5,Low
93,34,100.0,81.101797677353,9.26,13,8,1,4,Low
54,17,76.3266733505928,89.30050096953201,9.85,19,7,5,8,High
88,25,79.23721941002674,100.0,4.17,6,1,3,4,Low
53,12,61.60748951277353,37.06967450173931,9.04,20,4,7,8,High
55,23,57.9179882584904,35.082480119466794,8.51,22,7,5,6,High
94,22,86.66791885200136,35.93709968248944,5.37,11,7,2,4,High
81,21,99.47058729542168,24.94074145839028,9.74,16,6,1,7,High
79,27,52.26711843876771,30.80618640055876,4.89,16,8,7,5,High
96,31,82.18231366679262,65.65555534431269,8.08,9,6,2,7,Low
84,6,90.6261048917364,73.29488513021654,5.35,18,3,7,5,Low
89,27,99.5200910698151,60.105124655467534,6.59,13,4,6,4,Low
65,34,55.57418594947596,20.654171194995325,8.31,10,3,3,4,High
62,12,52.73591470475415,32.83754410884684,7.38,1,1,6,5,High
99,7,70.1627224057494,53.96762997982769,6.57,17,5,2,6,Medium
91,10,47.97950325564708,67.7749599678325,5.96,6,1,2,8,Low
79,17,86.01505334126557,36.92795565082651,9.04,11,1,2,7,High
68,26,39.67645053823523,99.31193698190084,4.86,1,2,4,7,Medium
66,21,33.55813767322653,56.97554224171971,6.58,19,4,3,7,Medium
68,28,53.47320737207816,56.011790506011856,9.42,17,6,7,4,Medium
77,2,51.42357899573391,37.98859532620435,9.08,5,8,2,7,High
75,1,58.81898903259345,34.029128241265425,6.41,23,3,2,8,High
86,26,54.84215458735713,37.02563319416879,8.58,9,1,7,8,High
75,29,76.9825748039642,73.88945019033707,8.94,19,3,6,5,Low
72,21,56.98066832461881,43.12673016094176,9.33,14,3,6,4,Medium
58,11,43.74959326740937,30.267703153077505,7.27,4,5,2,8,High
61,11,87.6006014135933,96.85804781625694,5.23,19,4,1,6,Medium
50,34,87.71669724533294,54.33208792727277,5.53,2,4,4,4,High
50,24,87.31503834671736,55.1533270795435,5.77,4,9,6,4,High
96,22,76.46175308437391,41.84822939068175,7.56,24,7,1,8,Medium
83,5,64.74624284110834,66.97048187479722,4.2,7,4,4,6,Low
81,33,71.92870644855599,38.17868253714753,7.82,7,3,2,5,High
97,20,92.7716494838728,53.69421657672924,6.19,7,6,3,8,Medium
74,19,65.77610071047269,91.5408222740012,5.77,11,3,5,6,Medium
89,17,76.45834416004845,57.655732545938505,9.28,23,6,5,4,Medium
94,34,32.72005378569402,92.67005443230536,6.76,22,9,2,6,Low
50,9,52.83535839800788,58.00078981292867,4.57,7,6,6,4,High
65,26,78.71818809933369,32.75771604216234,8.96,10,4,1,8,High
88,2,82.45584157112691,88.29304696836736,4.29,13,5,3,8,High
54,9,70.96466730460709,52.530732196443154,8.36,7,6,7,7,High
71,9,59.47127711440304,49.19928770792486,8.64,23,3,4,7,Medium
78,17,43.21164155499496,59.97087760591203,6.12,9,8,2,7,Medium
52,1,88.22721366166111,61.14114212749263,8.95,6,4,3,8,High
61,25,59.66182665424565,40.322342453390526,7.09,16,8,3,5,Medium
75,25,31.47360226017464,88.08754920543578,6.78,3,3,6,8,Low
65,3,65.7310520435771,35.53887239323129,4.27,12,7,4,6,High
86,30,69.64901425819782,78.3438266331534,5.74,3,9,3,8,Low
71,34,59.54303273403676,33.999597170966595,9.59,4,4,6,8,High
78,12,54.18958926886151,86.03749053099038,6.35,21,8,1,4,Medium
63,19,42.19418379367342,54.45601695338354,7.28,3,3,6,4,Medium
77,17,70.54907964421021,48.77405937799807,7.19,17,7,1,4,Medium
54,10,79.09820309527286,95.00208981889072,7.54,5,3,1,8,High
96,12,53.79575838274511,75.10844944035462,4.37,23,7,7,5,Low
98,16,76.55819059388217,33.625845650259755,6.17,23,6,7,6,High
79,24,56.22898428178606,58.59971125732955,8.34,22,2,3,6,Medium
95,19,72.17664918132171,47.84842077677276,5.2,21,3,6,5,Medium
54,8,42.03103757970581,51.97177006804026,5.22,1,6,7,5,High
61,31,97.50929595197762,81.80693611752152,4.06,22,4,1,6,Medium
65,21,84.68215470993634,55.228105350228034,6.62,10,6,7,7,Medium
75,17,81.32064046919987,58.41662966644927,9.3,13,1,4,4,Low
75,23,79.467028192551,84.25461079020485,4.31,4,1,3,4,Low
97,16,99.49955933194389,66.62311573382198,5.15,5,3,6,6,Low
70,6,77.70161135368708,65.59100447766615,5.86,9,8,6,5,Medium
88,8,58.84639225697629,66.68172929781302,8.39,7,8,5,7,Low
85,25,39.57144111422169,76.04560359750938,7.84,13,4,6,6,Medium
82,18,86.6550425508464,84.89228892170341,6.5,23,6,3,4,Low
79,25,46.678282096453486,83.76868756649934,8.55,2,8,4,8,Low
86,12,89.8385455342412,56.77968737882183,7.66,11,7,6,5,Medium
72,15,30.610019212130872,77.69326312736426,9.38,15,7,5,8,Medium
59,26,76.34985729501875,46.1181017573996,8.91,22,4,3,6,High
54,26,100.0,39.967934830204754,5.52,16,9,1,4,High
85,32,80.70011807505277,96.68694321507522,5.63,0,6,2,7,Low
83,10,86.41081388755201,35.46793618905179,4.75,22,3,2,8,High
80,16,84.2167513640086,43.63801187986192,6.02,9,5,1,7,Medium
59,7,100.0,69.13071022200982,10.0,24,5,7,4,High
68,17,57.83582008737189,55.10108794200275,6.43,22,5,6,8,Medium
81,23,89.87152286549671,45.43889717404484,5.32,9,8,2,7,Medium
50,26,51.06012166596197,67.57524991334695,8.57,20,9,7,7,High
54,21,83.4833976148484,94.56906332090944,7.25,23,9,2,8,Low
94,22,55.95669248022146,72.60790447558827,4.9,1,6,1,4,Low
53,7,70.4481721277877,55.563637539422686,6.28,8,6,6,7,High
65,14,64.94718962538731,76.85414039711819,6.49,21,9,6,6,Medium
73,15,48.72621975036727,70.20392466171089,8.52,12,4,7,8,Medium
65,7,71.51668433101695,96.13998780868432,4.12,24,6,1,5,Medium
51,9,48.55160681555844,58.95338008595,5.61,15,4,7,5,High
98,8,54.37945519260387,32.887900901659606,7.11,17,1,6,4,High
77,23,52.11331596972573,98.5149274935846,5.61,18,7,6,6,Low
81,29,64.44484877754994,100.0,7.77,11,6,3,7,Low
76,18,96.50266447498258,34.63644634641706,6.89,7,9,7,5,High
69,31,92.39275328401278,93.92894711179903,6.17,16,7,3,4,Medium
73,30,81.39244445432728,54.93957355595958,9.7,14,7,1,6,Medium
61,18,52.4719989854157,72.35112358412819,7.79,9,2,4,6,Medium
99,17,71.9100229349936,67.07409615781482,4.78,14,9,2,4,Low
84,14,56.46138320784455,38.969165437924346,7.36,14,9,3,4,High
82,31,91.77580567547986,81.491478359451,8.68,22,6,2,7,Low
82,24,66.34865353581407,45.73728878470487,8.25,6,3,5,4,Medium
92,34,65.56335317798198,86.36440766485437,5.03,12,1,1,7,Low
86,3,78.57128539306342,87.30962392744041,9.83,16,4,4,7,High
61,26,48.94666417156242,70.72240397711823,6.69,8,3,5,8,Medium
52,23,84.56819081990427,48.05081226763578,4.95,7,1,5,6,High
50,15,55.74301648843546,39.94658507096561,5.08,19,3,6,6,High
82,4,55.33495875181767,63.40238766930275,4.59,20,4,5,6,Medium
89,29,76.05830971649851,45.24578301698226,8.82,17,8,1,8,Medium
59,22,100.0,35.23810509981248,4.73,12,9,3,7,High
92,25,73.05246087572256,51.13189027357679,4.75,15,3,1,7,Medium
93,13,36.55711738687594,89.17639994953913,9.1,8,6,3,4,Low
78,18,61.45275671664492,68.96798374640977,6.07,11,5,5,8,Low
62,33,56.03042887170882,65.34575935713089,4.19,11,6,5,4,Medium
61,16,52.18863258294281,43.01330579063276,4.31,5,4,4,8,Medium
80,2,71.21954535591344,97.15690468089716,4.85,18,6,3,4,High
95,34,53.33641705043499,55.647914303493,5.28,6,7,5,5,Medium
51,30,72.3906003479805,56.814951576878855,7.99,24,9,6,6,High
99,13,95.7281105930466,58.37676130837478,4.94,2,7,2,6,Medium
84,13,87.22158884194727,48.44721875516496,4.71,15,6,4,7,Medium
72,18,40.22944794520837,62.541826419328046,8.59,17,1,1,5,Medium
66,32,84.18550885287928,44.36574658502103,8.03,15,2,4,6,Medium
75,32,90.49440097089844,48.26395259965737,6.61,22,1,2,7,Medium
57,29,66.54339894329392,48.19938227453451,7.3,6,9,3,5,Medium
78,29,91.25085129916006,75.75048469561101,5.87,3,9,1,6,Low
75,16,75.87429247841202,85.71837869702412,6.9,24,7,1,4,Low
59,10,69.32059947854643,37.09226729631987,7.04,7,2,3,8,High
75,30,98.0670355894325,67.7850380494052,6.32,12,6,7,5,Low
83,25,66.11174533536554,46.93658414889539,9.44,12,4,7,7,Medium
90,20,54.348309751987806,49.02307549912127,4.1,16,1,4,5,Medium
56,5,59.917076051174696,63.8045224337814,8.69,16,1,5,7,High
53,1,94.46737106736502,85.8547377620369,4.75,4,5,7,5,Medium
99,30,86.59487573459049,53.61548680662905,8.79,5,2,4,7,Medium
94,3,54.14717828784054,79.9004036111073,7.7,18,4,7,6,High
60,14,68.20892826455513,44.91718131298307,9.06,12,1,2,4,Medium
78,30,64.64698922537721,59.71187756689712,4.59,24,4,6,6,Medium
85,4,51.165078722346,78.44170211304427,7.35,13,6,5,4,High
74,18,65.84892351993102,85.71089485910689,7.01,21,4,4,6,Medium
70,25,48.958584001204905,64.17000814689719,8.24,3,1,6,6,Medium
85,1,50.46292440715815,67.85473221683942,7.21,6,7,6,5,High
59,15,43.386426567961664,53.99021571652086,7.24,7,2,7,8,High
86,9,58.48217280938039,39.74608403949272,6.58,24,9,3,7,High
58,15,55.469837576021874,94.1447319010212,5.85,12,3,2,7,Low
73,24,100.0,58.35588450453527,6.89,5,8,2,7,Medium
84,4,67.90730447928885,82.52139195816265,4.71,5,8,2,4,High
98,12,36.19555182216981,48.62142684165261,9.77,23,3,5,7,Medium
84,6,76.65184530454596,89.14030388561623,8.29,20,4,1,7,Low
97,24,50.940108367579285,90.45331078304928,9.71,2,2,5,5,Low
85,11,65.19739407062673,72.30633971704678,5.36,2,4,4,6,Low
67,13,53.11578926054632,95.79930542987844,9.28,12,9,6,7,Medium
98,34,37.51831148822262,100.0,8.85,21,2,6,8,Low
88,25,75.30181440445494,31.648242743301065,8.06,1,3,1,7,High
81,7,100.0,35.56925071704082,7.75,15,4,4,4,High
73,4,81.11439411921019,68.56197632909598,5.9,21,5,1,4,High
72,8,75.89390687895644,91.45468413600864,8.9,5,1,6,4,Medium
81,20,88.6359446937856,47.94103203520037,7.01,7,7,7,7,Medium
86,29,49.38156343299488,90.6606688446345,4.43,22,7,5,5,Low
61,10,73.13709265517159,75.81756175547864,5.88,7,9,2,8,Medium
98,34,63.18091971978301,61.628064272242185,9.61,24,4,6,7,Low
62,26,99.9534764386022,43.385621738430274,9.1,5,6,3,5,Medium
72,3,94.6562654732595,62.00828497749736,9.89,13,2,2,5,High
74,6,54.72156237116864,40.459178791341735,7.77,2,4,6,7,Medium
84,5,34.45300337902331,97.481950436743,5.49,9,2,5,7,Low
90,5,59.75523132322012,72.18321871059875,4.98,2,5,1,5,Low
79,23,72.53676288283889,53.629391102768565,5.12,11,7,7,5,Medium
66,9,78.86536411983552,100.0,4.12,16,1,7,5,Medium
98,20,65.76748135436429,82.93323737780746,6.34,4,7,2,7,Low
69,18,82.1106100290947,45.42173149348381,5.15,19,6,5,5,Medium
97,17,78.4198361849526,96.02858043046446,6.47,24,6,7,4,Low
74,24,85.10008984149616,74.02534188002448,9.61,8,8,7,7,Medium
71,3,85.00096091761087,65.69398258600117,6.58,20,8,4,4,High
62,32,81.76784135881812,92.145584645805,9.27,19,6,3,6,Medium
68,13,78.2537850585618,31.802224505938625,7.63,6,3,2,7,High
98,25,81.2865810037258,98.45522016430824,5.48,21,5,1,6,Low
85,9,81.22824782118487,74.02114387135204,6.14,3,2,7,5,Low
61,4,44.82562183676302,97.05878787980656,4.5,12,5,4,5,High
90,14,46.44636575027766,45.190234722683,6.0,12,9,5,8,Medium
68,34,46.88655562605104,79.21530688647407,8.07,9,1,7,5,Medium
61,11,71.64348066166897,82.81200967719205,4.43,17,5,3,6,Medium
58,3,95.99287226213946,70.54984330492353,5.23,16,6,1,5,High
56,28,46.06018255941462,85.60922554806058,6.29,19,7,5,7,High
77,29,81.75373848523829,76.27758878320688,9.89,19,9,5,5,High
63,9,71.77685766420888,76.02170432524761,8.71,12,6,2,8,Medium
80,3,51.16021249981149,47.71097490034552,8.4,16,5,7,5,High
68,25,54.04898756536641,45.394990304964,4.7,21,7,2,6,Medium
96,34,86.68608519024691,64.42691158007317,8.69,3,1,1,6,Low
65,12,100.0,76.35993516155864,8.71,0,5,7,5,Medium
54,9,45.65184445579301,55.05694059958579,7.61,0,2,6,6,High
84,15,91.66656793707054,56.893357086517945,9.94,14,4,7,6,Medium
61,25,43.47469636759877,79.11689123019798,5.95,12,7,6,8,Low
74,5,77.07072112568834,61.43511344430918,9.65,16,5,5,7,Medium
70,11,79.2850191048781,54.777647946411776,9.49,23,6,2,8,Medium
85,34,71.69093023884308,59.01697655025128,4.07,7,2,3,4,Medium
72,24,54.11127176200247,84.06658036300871,6.7,17,3,7,8,Medium
65,15,64.99733390348696,32.452727005813415,9.86,12,7,3,5,High
88,8,74.31990710609806,92.659623411612,4.62,22,2,7,7,Low
94,5,45.95460040961896,46.41495973896826,7.29,13,6,5,5,Medium
91,26,88.31600880007319,34.88088775641867,9.87,7,5,2,4,High
88,18,37.76023471715482,57.70874741875799,7.33,7,1,1,7,Medium
63,6,94.23676008748072,74.52669522414698,5.14,14,4,1,6,Medium
80,13,71.94629916819987,97.51179346508457,7.49,12,2,1,8,Low
54,28,100.0,92.82994093716496,5.23,6,4,7,5,High
84,5,36.3609756463139,63.10344253933309,7.12,4,1,7,4,Low
72,13,58.92339238844844,75.64071693431848,4.44,16,2,3,6,Medium
78,17,48.75759836843081,26.407843336901543,7.63,24,8,2,8,High
92,32,39.977694908469424,63.06622436448886,7.1,15,6,7,6,High
60,29,61.182261264511865,38.34561995514649,8.44,22,2,2,8,High
67,3,77.93961278635115,51.14315120356133,7.78,1,6,3,7,High
96,34,51.47824108735225,43.2876222503009,7.3,21,9,7,6,Medium
61,27,79.65741191103295,88.1103831985743,8.14,17,7,1,6,Medium
58,13,50.58607525865417,37.256776487423416,4.86,16,9,1,6,High
59,33,74.89091223028926,36.345111346308485,7.57,6,5,5,7,High
93,6,67.23266002674345,57.888157347164544,5.03,12,7,6,4,Medium
66,24,70.61207146994724,41.1250928986088,9.55,17,7,4,8,Medium
87,19,69.99818980354273,97.26375041143972,4.41,13,3,6,6,Low
56,16,86.12226736046466,88.7637887249235,6.58,17,7,7,7,High
95,28,50.48795367811958,67.35515833001278,8.17,12,1,2,4,Low
62,33,59.60962163975843,41.034481248310605,6.75,10,9,7,8,Medium
89,13,76.55885672238759,59.64394498825772,4.55,20,6,2,7,High
91,25,98.90523166950103,72.5537815555295,7.32,20,5,2,8,Low
58,27,76.76420917068947,85.9713070483963,7.85,15,7,6,6,High
99,7,49.68866816283699,74.4029197960996,8.22,22,5,4,4,Low
76,5,52.32251778458899,49.3416206667798,6.24,16,5,5,7,Medium
51,31,68.53530143479276,89.81249588462754,7.38,7,7,6,4,High
54,23,70.80066518272592,85.5069505357977,6.7,18,7,4,6,High
78,10,93.97641497253514,77.85883527285584,8.03,19,3,1,4,Low
86,32,94.44963238362963,87.11381782764144,7.5,14,3,1,4,Low
87,30,96.34727484402866,36.68976905709091,7.15,8,3,2,5,High
68,31,58.08372726007806,63.63273829441142,5.5,19,6,3,4,Medium
57,18,82.74888259615379,49.95212677532643,4.01,9,6,7,8,High
97,2,67.26047696970215,64.57115796077342,5.04,11,3,7,7,High
94,14,96.60302003653752,72.4327099589237,4.7,20,3,2,5,Low
50,13,93.53171119283574,100.0,6.69,22,8,3,7,High
71,29,64.79605180055901,96.15293870492144,7.67,19,8,4,7,Medium
66,12,48.71118107284347,88.0151948938123,5.28,0,7,1,6,Medium
56,2,51.43710736873886,41.91055638325472,9.63,24,4,7,6,High
74,32,54.96899154283462,59.82555477937109,4.04,19,4,6,5,Medium
94,13,50.61650901285664,75.99760253596581,8.63,8,3,3,6,Low
53,27,47.98421760084315,68.30248179265057,7.75,21,5,4,6,High
85,17,56.712766988993344,37.45131462950535,6.24,14,3,1,6,High
55,31,42.55186739966438,47.21499452578006,4.3,0,8,6,7,High
80,34,55.64803519485606,77.26951012191478,7.76,11,7,3,5,Low
68,24,73.52994844680002,88.62999473747482,6.31,2,3,2,7,Medium
93,6,84.46503191854576,80.66193800119171,9.62,10,9,2,8,Low
88,19,62.51237515315795,83.8955186169763,7.25,1,5,2,7,Low
76,30,69.58173189854259,70.63257227284834,9.64,15,9,7,8,Low
59,7,94.33827531590758,66.74894863617929,5.32,8,7,4,4,High
75,10,74.08162106186711,45.68856440026872,8.35,14,7,2,4,Medium
68,32,86.73839720066589,87.63041395677112,7.7,11,6,7,8,Medium
88,34,52.47739814691906,49.4801874757697,8.44,0,2,5,8,Medium
52,28,62.52037718964079,47.37920396266591,5.29,12,9,7,7,High
94,15,77.90306681835298,38.02405083484468,7.99,13,6,1,8,High
62,30,95.09850968316566,79.850185368319,6.99,24,8,7,5,Medium
99,29,81.03719153335086,69.54538703977573,8.46,24,1,4,4,Low
77,22,41.05640362220776,33.59625491527667,5.96,7,5,6,4,High
69,4,91.14081405297657,76.0258502779768,9.34,7,1,7,8,High
77,20,73.20083492544963,46.79328613798496,4.51,11,8,2,6,Medium
57,32,60.877266993142506,100.0,8.84,0,8,1,6,High
90,4,60.058135480166754,44.22145763130627,9.17,10,1,3,8,High
88,27,40.53028808660739,93.28347129832214,8.9,7,9,2,5,Low
50,17,63.62133548386318,68.82932667592995,7.08,9,2,1,6,High
52,12,52.6451417842698,82.15367477318186,6.63,18,9,5,8,High
62,22,43.53924570045607,99.3091949320319,9.98,10,1,3,5,Medium
77,17,78.43810961720875,40.98452720688469,5.38,6,9,5,5,Medium
98,10,83.53665949807827,60.98170746580464,7.28,10,4,6,7,Low
74,1,72.85733066677405,69.19094461819282,8.02,16,9,1,5,High
82,22,79.15599560166216,50.35248800183676,8.21,0,7,5,6,Medium
87,26,51.787493083196246,75.71223039797047,5.22,20,6,6,6,Low
55,18,54.41864556110287,69.2325432129031,7.92,20,5,1,8,High
93,14,71.35769527507938,74.43002451846024,8.91,7,9,1,8,Low
94,29,95.1555122057283,48.57186767099569,4.3,22,2,5,5,Medium
81,12,73.79410287382515,93.62180616972437,9.47,23,2,1,4,Low
94,12,57.95663596295388,96.29203475948157,4.18,5,9,2,7,Low
96,7,72.20572945374501,56.99166743189537,6.14,21,3,1,4,Medium
70,29,68.81608042533642,68.94071771985472,4.09,17,8,4,5,Medium
65,11,64.82492579142256,42.6826831643883,4.46,5,9,6,5,Medium
70,33,88.9623581251392,46.48549134472484,9.47,4,8,1,4,Medium
60,6,83.65988594106862,67.9633061373339,6.13,12,4,4,7,Medium
86,15,48.84484934474531,48.57509962459978,6.55,18,1,1,4,Medium
85,32,83.02070463530893,70.39915395941489,5.29,21,4,1,8,Low
84,11,50.050385166521366,62.176014924598825,7.58,7,9,5,6,Low
68,23,44.99534061258194,31.50975483703168,7.57,8,2,2,8,High
69,26,69.49484400207561,94.19151852384176,6.23,16,3,6,6,Medium
67,34,100.0,58.45158345759463,6.0,2,8,2,5,Medium
96,34,43.30150790213246,93.67707876555708,9.31,18,6,3,7,Low
90,29,41.624029126050615,82.43019340821374,6.3,10,8,5,4,High
98,4,50.55815010621591,30.30786548589928,6.96,23,7,5,7,High
63,17,37.211840762601234,38.530223046187096,5.7,16,5,2,4,Low
64,13,95.73383283953292,73.47395951097344,8.72,20,9,7,8,Medium
80,15,60.79227000345309,74.74193185994078,6.38,18,4,5,8,Low
50,29,70.76366195626167,60.56015860494194,7.08,1,6,2,4,High
52,29,39.28570607466262,32.92562517157009,5.52,7,2,5,7,High
65,11,49.69707264600302,91.74689173323596,9.93,18,2,1,4,Medium
72,32,92.78716908984428,59.7207389447406,5.75,6,2,2,5,Medium
60,2,46.15956591281223,37.93270067495908,8.62,16,7,2,8,High
61,14,71.32902036390544,69.85747368231782,6.56,5,2,4,5,Medium
59,20,45.67771565620886,31.82411291748221,5.24,18,2,5,8,High
81,22,83.91824572459385,48.15859015925307,8.8,23,9,5,8,Medium
65,11,55.89490345261013,70.36458057126345,6.0,5,7,2,6,Medium
57,27,64.43583639270483,35.630381168198696,9.19,1,3,1,5,High
87,3,97.09753782224612,74.51842820896476,9.49,5,3,1,5,High
61,17,73.82474133809046,39.894672316948366,9.16,22,7,6,6,High
73,28,98.20160886400744,60.69679308557945,4.21,4,5,1,7,Medium
77,29,73.12297657089142,92.00088529656912,8.72,18,6,5,5,Low
57,21,49.7644110316618,86.67925167502467,6.47,19,8,7,4,Medium
77,16,86.71150923065903,72.30280174101095,9.24,3,9,4,6,Low
85,20,91.0301091500712,87.24735190923089,7.83,21,1,2,5,Low
75,6,81.8488359120216,77.99523314373397,9.0,16,3,3,7,Low
57,19,72.39003680769221,59.53728465334476,7.0,10,7,4,5,High
99,5,62.838069740104274,52.67554033567032,7.21,3,6,7,8,Medium
77,3,84.00953706138453,51.61891001999786,4.87,12,7,3,4,High
77,1,65.65998646754318,68.60215896473383,8.7,19,8,4,6,High
86,15,70.04588325386698,57.42019604524934,6.52,16,6,1,8,Medium
90,34,65.37638435610732,40.33181479495161,7.0,8,3,5,7,Medium
85,25,90.80371976699055,86.4837957150958,8.71,3,2,7,8,Low
76,24,71.04375674435146,49.037292199735546,7.59,22,7,3,8,Medium
66,12,45.58987213992439,65.08085899472873,5.21,13,1,7,7,Medium
58,18,37.765493545958215,79.3117835036146,7.54,18,3,4,8,High
82,15,48.29354729099133,88.06499682125099,6.45,2,4,5,6,Low
69,16,50.9859849332543,62.99384330736776,6.82,13,1,7,5,Medium
62,27,38.2520946792742,84.74849591982233,4.17,7,5,3,8,Medium
77,8,96.00255433879217,56.9214444468652,5.26,23,3,2,6,Medium
97,25,50.62132093892664,100.0,5.69,0,2,4,5,Low
78,17,52.73506982079804,86.613880365274,8.28,9,3,2,5,Low
62,29,49.426402473352944,56.25576242418944,4.07,17,8,1,8,Medium
95,8,67.36906166832941,75.19912903515541,6.45,15,6,2,6,Low
84,15,78.36031853466638,61.24796132276248,9.54,7,7,2,8,Low
55,27,37.38657316699327,93.1717161942515,4.67,0,6,6,7,High
67,7,57.69804766552679,56.77214538292976,7.1,11,6,4,5,Medium
54,3,52.52581929377071,69.57211964948262,8.72,7,3,1,8,High
96,29,72.94896149003426,69.29085103347079,9.66,23,8,2,5,Low
74,24,53.18634176462142,80.95084961950545,8.48,15,7,5,6,Medium
51,3,59.9315413441475,64.87368123238515,8.32,17,7,3,4,High
59,20,63.7287992670622,52.58201785820683,8.96,3,6,2,8,High
79,15,62.9139827165629,68.34757811850226,6.68,5,5,1,8,Low
99,25,48.50745861241134,56.582524321629215,8.84,11,8,2,5,Medium
94,30,73.40527345161811,91.3023648117653,4.05,8,5,3,6,Low
54,14,34.44690909724319,58.629417316751166,9.55,14,9,1,7,High
82,7,61.2397523922124,74.10420088451578,6.66,15,9,4,6,Low
50,17,94.94939377857442,29.712913897104865,7.32,23,1,1,8,High
67,20,77.84055672118556,96.09382683060652,5.53,11,6,4,7,Medium
81,9,78.30579510262415,67.04764619851103,8.46,23,7,1,6,Low
96,22,69.58567132076604,85.30191573647463,4.46,22,3,7,4,Low
98,2,50.6242606638026,97.3339267233621,9.24,13,7,3,5,High
60,24,45.86755429179677,93.03040729038062,8.97,12,7,3,6,Medium
70,8,88.82198006638515,86.61013023150343,5.3,24,2,1,6,Medium
75,11,50.62738103654468,49.1992116109409,8.86,1,7,7,4,Medium
74,13,88.47865300968486,33.579227821188326,8.72,2,1,2,8,High
71,17,82.27255922780242,58.42100504169686,7.79,23,5,3,5,Medium
76,8,87.63119067190313,95.30731992433093,6.24,21,9,4,6,Low
98,21,47.149204562732336,42.38346949074733,5.63,9,7,4,7,High
62,18,76.17866161109009,59.06622405414382,5.39,8,7,5,6,Medium
82,30,82.78893620201549,67.79805146830205,5.91,19,2,6,5,Low
83,18,45.95834818398388,34.61761595011436,9.42,7,8,7,6,High
90,31,65.19385357668678,75.60299143147003,4.47,9,3,6,4,Low
84,32,44.09091292329845,71.54648613174611,8.97,18,8,6,6,Low
50,11,95.97091828842385,100.0,6.09,2,3,4,6,High
70,25,70.18259259704278,85.878748380314,7.13,23,7,5,7,Medium
97,33,46.83422333475004,35.10772673211272,8.77,4,2,6,4,High
55,8,57.634135389323326,64.51348997188366,9.31,2,4,6,4,High
77,11,73.72935782575838,78.01339181692596,6.07,15,6,1,6,Low
66,22,45.86546963621998,94.49969833311444,6.77,16,9,1,7,Medium
54,24,58.95572483738336,83.94653045208966,6.49,14,5,1,6,High
80,17,55.26374612122001,47.0546803265575,4.08,2,9,2,6,Medium
54,12,40.75498710623072,43.31106262019128,5.78,11,5,6,5,High
87,32,90.60729387938002,82.76716846623668,6.76,8,8,2,5,Low
52,15,93.42687298510188,95.14314206523544,6.47,20,1,5,7,High
75,10,60.0,60.0,7.0,5,5,3,7,Medium
75,10,60.0,60.0,7.0,5,5,3,7,Medium
75,10,60.0,60.0,7.0,5,5,3,7,Medium
75,10,60.0,60.0,7.0,5,5,3,7,Medium
75,10,60.0,60.0,7.0,5,5,3,7,Medium
75,10,60.0,60.0,7.0,5,6,5,6,Medium
75,10,60.0,60.0,7.0,5,5,3,7,Medium
75,10,60.0,60.0,7.0,5,5,3,7,Medium
75,10,60.0,60.0,7.0,5,5,3,7,Medium
75,10,60.0,60.0,7.0,5,5,3,7,Medium
75,10,60.0,60.0,7.0,5,5,3,7,Medium
75,10,60.0,60.0,5.04,5,6,5,7,Medium
75,10,60.0,60.0,7.0,5,5,3,7,Medium
75,10,60.0,60.0,7.0,5,5,3,7,Medium
75,10,60.0,60.0,7.0,5,5,3,7,Medium
75,10,60.0,60.0,7.0,5,5,3,7,Medium
79,10,60.0,60.0,7.0,5,5,3,7,Medium
75,10,60.0,60.0,7.0,5,5,3,7,Medium
75,10,60.0,19.0,7.0,5,5,3,7,High
75,10,60.0,19.0,7.0,5,5,3,7,High
75,10,60.0,60.0,7.0,5,5,3,7,Medium
75,10,60.0,60.0,7.0,5,5,3,7,Medium
75,10,60.0,60.0,7.0,5,5,3,7,Medium
75,10,60.0,60.0,7.0,5,5,3,7,Medium
75,10,60.0,60.0,7.0,5,5,3,7,Medium
75,10,60.0,60.0,7.0,5,5,3,7,Medium
75,10,60.0,60.0,7.0,5,5,3,7,Medium
75,10,60.0,60.0,7.0,5,5,3,7,Medium
75,10,60.0,60.0,7.0,5,5,3,7,Medium
75,10,60.0,60.0,7.0,5,5,3,7,Medium
75,10,60.0,60.0,7.0,5,5,3,7,Medium
75,10,60.0,60.0,7.0,5,5,3,7,Medium
75,10,60.0,60.0,7.0,5,5,3,7,Medium
75,10,60.0,60.0,7.0,5,5,3,7,Medium
75,10,60.0,60.0,7.0,5,5,3,7,Medium
75,10,60.0,60.0,7.0,5,5,3,7,Medium
75,10,60.0,60.0,7.0,5,5,3,7,Medium
75,10,60.0,60.0,7.0,5,5,3,7,Medium
75,10,60.0,60.0,7.0,5,5,3,7,Medium
75,10,60.0,60.0,7.0,5,5,3,7,Medium
75,10,60.0,60.0,7.0,5,5,3,7,Medium
75,10,60.0,60.0,7.0,5,5,3,7,Medium
75,10,60.0,60.0,7.0,5,5,3,7,Medium
75,10,60.0,60.0,7.0,5,5,3,7,Medium
75,10,60.0,60.0,7.0,5,5,3,7,Medium
75,10,60.0,60.0,7.0,5,5,3,7,Medium
75,10,60.0,60.0,7.0,5,5,3,7,Medium
75,10,60.0,60.0,7.0,5,5,3,7,Medium
75,10,60.0,60.0,7.0,5,5,3,7,Medium
75,10,60.0,60.0,7.0,5,5,3,7,Medium
75,10,60.0,60.0,7.0,5,5,3,7,Medium
75,10,60.0,60.0,7.0,5,5,3,7,Medium
75,10,60.0,60.0,7.0,5,5,3,7,Medium
75,10,60.0,60.0,7.0,5,5,3,7,Medium
75,10,60.0,60.0,7.0,5,5,3,7,Medium
75,10,60.0,60.0,7.0,5,5,3,7,Medium
75,10,60.0,60.0,7.0,5,5,3,7,Medium
75,10,60.0,60.0,7.0,5,5,3,7,Medium
75,10,60.0,60.0,7.0,5,5,3,7,Medium
75,10,60.0,60.0,7.0,5,5,3,7,Medium
75,10,60.0,60.0,7.0,5,5,3,7,Medium
75,10,60.0,60.0,7.0,5,5,3,7,Medium
75,10,60.0,60.0,7.0,5,5,3,7,Medium
75,10,60.0,60.0,7.0,5,5,3,7,Medium
75,10,60.0,60.0,7.0,5,5,3,7,Medium
75,10,60.0,60.0,7.0,5,5,3,7,Medium
75,10,60.0,60.0,7.0,5,5,3,7,Medium
75,10,60.0,60.0,7.0,5,5,3,7,Medium
75,10,60.0,60.0,7.0,5,5,3,7,Medium
75,10,60.0,60.0,7.0,5,5,3,7,Medium
75,10,60.0,60.0,7.0,5,5,3,7,Medium
75,10,60.0,60.0,7.0,5,5,3,7,Medium
75,10,60.0,60.0,7.0,5,5,3,7,Medium
75,10,60.0,60.0,7.0,5,5,3,7,Medium
75,10,60.0,60.0,7.0,5,5,3,7,Medium
75,10,60.0,60.0,7.0,5,5,3,7,Medium
75,10,60.0,60.0,7.0,5,5,3,7,Medium
75,10,60.0,60.0,7.0,5,5,3,7,Medium
75,10,60.0,60.0,7.0,5,5,3,7,Medium
75,10,60.0,60.0,7.0,5,5,3,7,Medium
75,10,60.0,60.0,7.0,5,5,3,7,Medium
75,10,60.0,60.0,7.0,5,5,3,7,Medium
75,10,60.0,60.0,7.0,5,5,3,7,Medium
75,10,60.0,60.0,7.0,5,5,3,7,Medium
75,10,60.0,60.0,7.0,5,5,3,7,Medium
75,10,60.0,60.0,7.0,5,5,3,7,Medium
75,10,60.0,60.0,7.0,5,5,3,7,Medium
75,10,60.0,60.0,7.0,5,5,3,7,Medium
75,10,60.0,60.0,7.0,5,5,3,7,Medium
75,10,60.0,60.0,7.0,5,5,3,7,Medium
75,10,60.0,60.0,7.0,5,5,3,7,Medium
75,10,60.0,60.0,7.0,5,5,3,7,Medium
75,10,60.0,60.0,7.0,5,5,3,7,Medium
75,10,60.0,60.0,7.0,5,5,3,7,Medium
75,10,60.0,60.0,7.0,5,5,3,7,Medium
75,10,60.0,60.0,7.0,5,5,3,7,Medium
75,10,60.0,60.0,7.0,5,5,3,7,Medium
75,10,60.0,60.0,7.0,5,5,3,7,Medium
75,10,60.0,60.0,7.0,5,5,3,7,Medium
75,10,60.0,60.0,7.0,5,5,3,7,Medium
75,10,60.0,60.0,7.0,5,5,3,7,Medium
75,10,60.0,60.0,7.0,5,5,3,7,Medium
75,10,60.0,60.0,7.0,5,5,3,7,Medium
75,10,60.0,60.0,7.0,5,5,3,7,Medium
75,10,60.0,60.0,7.0,5,5,3,7,Medium
75,10,60.0,60.0,7.0,5,5,3,7,Medium
75,10,60.0,60.0,7.0,5,5,3,7,Medium
75,10,60.0,60.0,7.0,5,5,3,7,Medium
75,10,60.0,60.0,7.0,5,5,3,7,Medium
75,10,60.0,60.0,7.0,5,5,3,7,Medium
75,10,60.0,60.0,7.0,5,5,3,7,Medium
